"gene_id","baseMean_clay","baseMean_sandy","baseMean","log2FoldChange","lfcSE","stat","pvalue","padj"
"g2236",0.998937645063973,3.44777415657486,2.22335590081942,-2.02658812836738,0.76696553987043,-2.64234574177836,0.00823339608612448,0.0373281584848252
"g5120",1.92729062363267,5.26807516881882,3.59768289622574,-1.41659765261739,0.563289491376143,-2.51486611112978,0.0119077595663801,0.0441197758292802
"g1927",329.082006140156,796.084770455897,562.583388298027,-1.27881674996564,0.256545958436623,-4.98474720770766,6.20428753663678e-07,5.97679699362676e-05
"g2841",6.39827775399365,14.510860127407,10.4545689407003,-1.2515670679154,0.397016761326563,-3.15242878848114,0.00161918310407068,0.0178374050350447
"g2184",53.915039451253,112.146342221649,83.0306908364508,-1.05871434328088,0.374097068168302,-2.83005250071774,0.0046540366436294,0.0284646382932953
